Name,Account,Political group,Nationality
ADAKTUSSON Lars,@Ladaktusson,EPP,Sweden
ADINOLFI Isabella,@Isa_Adinolfi,EFDD,Italy
AFFRONTE Marco,@marcoaffronte,EFDD,Italy
AGEA Laura,@AgeaLaura,EFDD,Italy
AGNEW John Stuart,,EFDD,UK
AGUILERA GARCÃ Clara Eugenia,@ClaraAguilera7,S&D,Spain
AIUTO Daniela,@DanielaAiuto,EFDD,Italy
AKER Tim,@Tim_Aker,EFDD,UK
ALBIOL GUZMÁN Marina,@MarinaAlbiol,GUE/NGL,Spain
ALBRECHT Jan Philipp,@JanAlbrecht,Greens,Germany
ALI Nedzhmi,,ALDE,Bulgaria
ALIOT Louis,@louis_aliot,ENF,France
ALLIOT MARIE Michèle,@MAlliotMarie,EPP,France
ANDERSON Lucy,@LucyAndersonMEP,S&D,UK
ANDERSON Martina,@M_AndersonSF,GUE/NGL,UK
ANDERSSON Max,@MaxAndersson,Greens,Sweden
ANDRIEU Eric,@EricAndrieuEU,S&D,France
ANDRIKIENE Laima Liucjia,@Andrikiene,EPP,Lithuania
ANDROULAKIS Nikos,@androulakisnick,S&D,Greece
ANNEMANS Gerolf,@gannemans,ENF,Belgium
ARENA Maria,@Mariearenaps,S&D,Belgium
ARIMONT Pascal,@PASCALARIMONT,EPP,Belgium
ARNAUTU Marie Christine,@MCArnautu,ENF,France
ARNOTT Jonathan,@JonathanArnott,EFDD,UK
ARTHUIS Jean,@JeanArthuis,ALDE,France
ASHWORTH Richard,@RichardAshMEP,ECR,UK
ASSIS Francisco,,S&D,Portugal
ATKINSON Janice,@Janice4Brexit,ENF,UK
AUKEN Margrete,@MargreteAuken,Greens,Denmark
AUŠTREVIČIUS Petras,@petras_petras,ALDE,Lithuania
AYALA SENDER Inés,@IAyalaSender,S&D,Spain
AYUSO Pilar,@ayuso_pilar,EPP,Spain
BAALEN Johannes Cornelis van,@hans_van_baalen,ALDE,Netherlands
BACH Georges,,EPP,Luxembourg
BALAS Guillaume,@BalasGuillaume,S&D,France
BALČYTIS Zigmantas,@balcytis,S&D,Lithuania
BALCZÓ Zoltán,,NI (Jobbik Magyarorszagert Mozgalom),Hungary
BALZ Burkhard,@buba0769,EPP,Germany
BAREKOV Nikolay,@NBarekov,ECR,Bulgaria
BASHIR Amjad,@AmjadBashirMEP,ECR,UK
BATTEN Gerard,@GerardBattenMEP,EFDD,UK
BAY Nicolas,@nicolasbayfn,ENF,France
BAYET Hugues,@HuguesBayet,S&D,Belgium
BEARDER Catherine,@catherinemep,ALDE,UK
BECERRA BASTERRECHEA Beatriz,@beatrizbecerrab,ALDE,Spain
BECKER Heinz K.,,EPP,Austria
BEGHIN Tiziana,@beghin_t,EFDD,Italy
BELDER Ba,@BasBelderMEP,ECR,Netherlands
BELET Ivo,@IvoBelet,EPP,Belgium
BENDTSEN Bendt,@BendtEU,EPP,Denmark
BENIFEI Brando Maria,@brandobenifei,S&D,Italy
BENITO Xabier,@xabierbenito,GUE/NGL,Spain
BERÈS Pervenche,@PervencheBeres,S&D,France
BERGERON Joëlle,@Jbergeronmep,EFDD,France
BETTINI Goffredo Maria,@GoffredoBettini,S&D,Italy
BILBAO BARANDICA Izaskun,@IzaskunBilbaoB,ALDE,Spain
BILDE Dominique,@DominiqueBilde,ENF,France
BIZZOTTO Mara,,ENF,Italy
BJÖRK Malin,@MalinBjork_EU,GUE/NGL,Sweden
BLANCO LÓPEZ José,@pepeblancoEP,S&D,Spain
BLINKEVIČIŪTĖ Vilija,,S&D,Lithuania
BOCSKOR Andrea,,EPP,Hungary
BÖGE Reimer,,EPP,Germany
BOGOVIČ Franc,@Franc_Bogovic,EPP,Slovenia
BONAFÈ Simona,@simonabonafe,S&D,Italy
BONI Michał,@MichalBoni,EPP,Poland
BORGHEZIO Mario,,ENF,Italy
BORRELLI David,@borrellidavid,EFDD,Italy
BORZAN Biljana,@BiljanaBorzan,S&D,Croatia
BOȘTINARU Victor,@VictorBostinaru,S&D,Romania
BOURS Louise,,EFDD,UK
BOUTONNET Marie Christine,,ENF,France
BOVÉ José,@josebove,Greens,France
BOYLAN Lynn,@LNBDublin,GUE/NGL,Ireland
BRANNEN Paul,@PaulBrannenNE,S&D,UK
BRESSO Mercedes,@mercedesbresso,S&D,UK
BRIANO Renata,@renatabriano,S&D,Italy
BRIOIS Steeve,@SteeveBriois,ENF,France
BROK Elmar,@ElmarBrok_MEP,EPP,Germany
BUCHNER Klaus,@Dr_KlausBuchner,Greens,Germany
BUDA Daniel,@MEPDanielBuda,EPP,Romania
BULLMANN Udo,@UdoBullmann,S&D,Germany
BUSOI Cristian,,EPP,Romania
BUTIKOFER Reinhard,@bueti,Greens,Romania
BUZEK Jerzy,@JerzyBuzek,EPP,Poland
CABEZÓN RUIZ Soledad,@SoledadCabezon,S&D,Spain
CADEC Alain,@AlainCadec,EPP,France
CALVET Enrique,@EnriqueCalvet,ALDE,Spain
CAMP Wim van de,@WimvandeCamp,EPP,Netherlands
CAMPBELL BANNERMAN David,@DCBMEP,ECR,UK
CAPUTO Nicola,@NicolaCaputo,S&D,Italy
CARTHY Matt,@mattcarthy,GUE/NGL,Ireland
CARVER James,@JamesJimCarver,EFDD,UK
CASA David,@DavidCasaMEP,EPP,Malta
CASPARY Daniel,@caspary,EPP,Germany
CASTALDO Fabio Massimo,@FMCastaldo,EFDD,Italy
CASTILLO VERA Pilar del,@delcastillop,EPP,Spain
CAVADA Jean Marie,@JeanMarieCAVADA,ALDE,France
CESA Lorenzo,@L_Cesa,EPP,Italy
CHARANZOVÁ Dita,@charanzova,ALDE,Czech Republic
CHAUPRADE Aymeric,@a_chauprade,NI (Front National),France
CHILDERS Nessa,@NChildersMEP,S&D,Ireland
CHINNICI Caterina,@CaterinaChinnic,S&D,Italy
CHOUNTIS Nikolaos,@NikosChountis,GUE/NGL,Greece
CHRISTENSEN Ole,@OleEU,S&D,Denmark
CHRISTOFOROU Lefteris,@LefChristoforou,EPP,Greece
CHRYSOGONOS Kostas,@Chrysogonos_K,GUE/NGL,Greece
CICU Salvatore,@SalvoCicu,EPP,Greece
CIOCCA Angelo,@AngeloCiocca,ENF,Italy
CIRIO Alberto,@Alberto_Cirio,EPP,Italy
CLUNE Deirdre,@DeirdreCluneMEP,EPP,Ireland
COBURN David,@DavidCoburnUKip,EFDD,UK
COELHO Carlos,@CarlosCoelhoPE,EPP,Portugal
COFFERATI Sergio Gaetano,@Cofferati,S&D,Italy
COLLIN LANGEN Birgit,,EPP,Germany
COLLINS Jane,@Jane_CollinsMEP,EFDD,UK
COMI Lara,@comilara,EPP,Italy
COMODINI CACHIA Therese,@ComodiniCachia,EPP,Malta
CORAZZA BILDT Anna Maria,@AnnaMariaCB,EPP,Sweden
CORBETT Richard,@RCorbettMEP,S&D,UK
CORRAO Ignazio,@ignaziocorrao,EFDD,Italy
COSTA Silvia,@SilviaCostaEU,S&D,Italy
COUSO PERMUY Javier,@Caninator,GUE/NGL,Spain
COZZOLINO Andrea,@cozzolino62,S&D,Italy
CRAMER Michael,@MepMCramer,Greens,Germany
CRISTEA Andi Lucian,@andicristeamep,S&D,Romania
CROWLEY Brian,,ECR,Ireland
CSÁKY Pál,@csakypal,EPP,Slovakia
CZARNECKI Ryszard,@r_czarnecki,ECR,Poland
CZESAK Edward,,ECR,Poland
D'AMATO Rosa,@rosadamato634,EFDD,Italy
D'ORNANO Mireille,@MireilledOrnano,ENF,France
DALEN Peter van,@petervdalen,ECR,Netherlands
DALLI Miriam,@Miriamdalli,S&D,Malta
DALTON Daniel,@ddalton40,ECR,UK
DALUNDE Jakop,@JakopDalunde,Greens,Sweden
DANCE Seb,@SebDance,S&D,UK
DANCILA Vlorica,@VioricaDancila,S&D,Romania
DANJEAN Arnaud,@ArnaudDanjean,EPP,France
DANTI Nicola,@DantiNicola,S&D,Italy
DANTIN Michel,@MichelDANTIN,EPP,France
DARTMOUTH William The Earl of,,EFDD,UK
DATI Rachida,@datirachida,EPP,France
DE CASTRO Paolo,@paolodecastro,S&D,Italy
DE MASI Fabio,@FabioDeMasi,GUE/NGL,Germany
DE MONTE Isabella,@IsabellaDeMonte,S&D,Italy
DE SARNEZ Marielle,@desarnez,ALDE,France
DELAHAYE Angélique,@Delahaye_Europe,EPP,France
DELI Andor,@AndorDeli,EPP,Hungary
DELLI Karima,@KarimaDelli,Greens,France
DELVAUX STEHRES Mady,@mady_delvaux,S&D,Luxembourg
DEMESMAEKER Mark,@markdemesmaeker,ECR,Belgium
DENANOT Jean Paul,@jpdenanot,S&D,France
DEPREZ Gérard,@gerardeprez,ALDE,Belgium
DESS Albert,@Albert_Dess_MEP,EPP,Germany
DEUTSCH Tamás,@dajcstomi,EPP,Hungary
DEVA Nirj,@NirjDeva,ECR,UK
DIACONU Mircea,@M_DiaconuMEP,ALDE,Romania
DIAZ DE MERA GARCIA CONSUEGRA Agustin,,EPP,Spain
DLABAJOVÁ Martina,@Mdlabajova,ALDE,Czech Republic
DODDS Anneliese,@AnnelieseDodds,S&D,UK
DODDS Diane,@DianeDoddsMEP,NI (Democratic Unionist Party),UK
DOHRMANN Jørn,@MEPDohrmann,ECR,Denmark
DORFMANN Herbert,@HerbertDorfmann,EPP,Italy
DRĂGHICI Damian,@damiandraghici,S&D,Romania
DUNCAN Ian,@IanDuncanMEP,ECR,UK
DURAND Pascal,@PDurandOfficiel,Greens,France
DZHAMBAZKI Angel,,ECR,Bulgaria
ECK Stefan,@Stefan_Eck_MEP,GUE/NGL,Germany
EHLER Christian,,EPP,Germany
EICKHOUT Bas,@BasEickhout,Greens,Netherlands
ENGEL Frank,,EPP,Luxembourg
ENGSTRÖM Linnéa,@LinneaEngstrom,Greens,Sweden
EPITIDEIOS Georgios,@EpitidGeorgios,NI (Popular Association -Golden Dawn),Greece
ERDŐS Norbert,,EPP,Hungary
ERNST Cornelia,@ErnstCornelia,GUE/NGL,Germany
ERTUG Ismail,@IsmailErtug,S&D,Germany
ESTARÀS FERRAGUT Rosa,,EPP,Spain
ETHERIDGE Bill,@BillDudleyNorth,EFDD,UK
EVANS Jill,@JillEvansMEP,Greens,UK
EVI Eleonora,@EleonoraEvi,EFDD,Italy
FAJON Tanja,@tfajon,S&D,Slovenia
FARAGE Nigel,@Nigel_Farage,EFDD,UK
FARIA José Inácio,@JoseFariaMEP,ALDE,Portugal
FEDERLEY Fredrick,@federley,ALDE,Sweden
FERBER Markus,@MarkusFerber,EPP,Germany
FERNANDES José Manuel,@JMFernandesEU,EPP,Portugal
FERNÁNDEZ Jonás,@jonasfernandez,S&D,Spain
FERRAND Edouard,@e_ferrand,ENF,France
FERRARA Laura,@LFerraraM5S,EFDD,Italy
FERREIRA João,,GUE/NGL,Portugal
FINCH Raymond,@raymondfinch,EFDD,UK
FISAS AYXELÀ Santiago,@SantiagoFisas,EPP,Spain
FITTO Raffaele,@RaffaeleFitto,ECR,Italy
FJELLNER Christofer,@Fjellner,EPP,Sweden
FLANAGAN Luke Ming,@lukeming,GUE/NGL,Ireland
FLAŠÍKOVÁ BEŇOVÁ Monika,@MonikaFlaBenova,S&D,Slovakia
FLECKENSTEIN Knut,@knufleckenstein,S&D,Germany
FLORENZ Karl Heinz,,EPP,Germany
FONTANA Lorenzo,@Fontana3Lorenzo,ENF,Italy
FORD Vicky,@vickyford,ECR,UK
FORENZA Eleonora,@eleonoraforenza,GUE/NGL,Italy
FOSTER Jacqueline,@jfostermep,ECR,UK
FOTYGA Anna Elżbieta,,ECR,Poland
FOUNTOULIS Lampros,@FountoulisLampr,NI (Popular Association -Golden Dawn),Greece
FOX Ashley,@Ashleyfoxmep,ECR,UK
FREUND Eugen,@EugenAFreund,S&D,Austria
FRUNZULICĂ‚ Doru Claudian,,S&D,Romania
GABRIEL Mariya,@GabrielMariya,EPP,Bulgaria
GAHLER Michael,@michaelgahler,EPP,Germany
GÁL Kinga,,EPP,Hungary
GÁLL-PELCZ Ildikó,,EPP,Hungary
GAMBÚS Francesc,@fgambus_eu,EPP,Spain
GARCÍA PÉREZ Iratxe,@IratxeGarper,S&D,Spain
GARDIAZABAL RUBIAL Eider,@EGardiazabal,S&D,Spain
GARDINI Elisabetta,@EGardini,EPP,Italy
GASBARRA Enrico,@enricogasbarra,S&D,Italy
GEBHARDT Evelyne,,S&D,Germany
GEIER Jens,@EuropaJens,S&D,Germany
GENTILE Elena,@elena_gentile,S&D,Italy
GERBRANDY Gerben Jan,@Gerbrandy,ALDE,Netherlands
GERICKE Arne,@Arne_Gericke,ECR,Germany
GERINGER de OEDENBERG Lidia Joanna,@lidiageringer,S&D,Poland
GIEGOLD Sven,@sven_giegold,Greens,Germany
GIEREK Adam,@AdamGierek,S&D,Poland
GIESEKE Jens,,EPP,Germany
GILL Nathan,@NathanGillMEP,EFDD,UK
GILL Neena,@NeenaGmep,S&D,UK
GIMENEZ BARBAT Maria Teresa,@gimenezbarbat,ALDE,Spain
GIRLING Julie,@juliegirling,ECR,UK
GIUFFRIDA Michela,@m_giuffrida,S&D,Italy
GODDYN Sylvie,@Sylvie_Goddyn,ENF,France
GOERENS Charles,@CharlesGoerens,ALDE,Luxembourg
GOLLNISCH Bruno,@brunogollnisch,NI (Front National),France
GOMES Ana,@AnaGomesMEP,S&D,Portugal
GONZÁLEZ PEÑAS Tania,@TaniaGonzalezPs,GUE/NGL,Spain
GONZÁLEZ PONS Esteban,@gonzalezpons,EPP,Spain
GOSIEWSKA Beata Barbara,@BeataGosiewska,ECR,Poland
GOULARD Sylvie,@GoulardSylvie,ALDE,France
GRAAFF Marcel de,@MJRLdeGraaff,ENF,Netherlands
GRAMMATIKAKIS Giorgos,,S&D,Greece
GRANDES PASCUAL Luis de,,EPP,Spain
GRAPINI Maria,@MariaGrapini,S&D,Romania
GRÄSSLE Ingeborg,@inge_graessle,EPP,Germany
GRASWANDER-HAINZ Karolie,,S&D,Austria
GRIESBECK Nathalie,@ngriesbeck,ALDE,France
GRIFFIN Theresa,@TheresaMEP,S&D,UK
GRIGULE Iveta,@IvetaGrigule,ALDE,Latvia
GROOTE Matthias,@Groote,S&D,Germany
GROSSETÊTE Françoise,@GrosseteteF,EPP,France
GRZYB Andrzej,@GrzybAndrzej,EPP,Poland
GUALTIERI Roberto,@gualtierieurope,S&D,Italy
GUERRERO SALOM Enrique,,S&D,Spain
GUILLAUME Sylvie,@sylvieguillaume,S&D,France
GUOGA Antanas,@TonyGuoga,ALDE,Lithuania
GUTELAND Jytte,@JytteGuteland,S&D,Sweden
GUTIÉRREZ PRIETO Sergio,@Sergio_GP,S&D,Spain
GYÜRK András,,EPP,Hungary
HADJIGEORGIOU Takis,@thadjigeorgiou,GUE/NGL,Cyprus
HALLA AHO Jussi,@Halla_aho,ECR,Finland
HÄNDEL Thomas,@thaendel,GUE/NGL,Germany
HANNAN Daniel,@DanielJHannan,ECR,UK
HARKIN Marian,@MarianHarkin,ALDE,Ireland
HARMS Rebecca,@RebHarms,Greens,Germany
HÄUSLING Martin,@MartinHaeusling,Greens,Germany
HAUTALA Heidi,@HeidiHautala,Greens,Finland
HAYES Brian,@brianhayesMEP,EPP,Ireland
HAZEKAMP Anja,@anjahazekamp,GUE/NGL,Netherlands
HEDH Anna ,@AnnaHedh,S&D,Sweden
HELMER Roger,@RogerHelmerMEP,EFDD,UK
HENKEL Hans Olaf,@HansOlafHenkel,ECR,Germany
HERRANZ GARCÍA Esther,,EPP,Spain
HETMAN Krzysztof,@Hetman_K,EPP,Poland
HEUBUCH Maria,@MariaHeubuch,Greens,Germany
HOC Czeslaw,,ECR,Poland
HOFFMAN Iris,,S&D,Germany
HOHLMEIER Monika,@MonikaHohlmeier,EPP,Germany
HÖKMARK Gunnar,@ghokmark,EPP,Sweden
HÖLVÉNYI György,,EPP,Hungary
HONEYBALL Mary,@maryhoneyball,S&D,UK
HOOKEM Mike,@MikeHookemMEP,EFDD,UK
HORTEFEUX Brice,@BriceHortefeux,EPP,France
HOWITT Richard,@richardhowitt,S&D,UK
HÜBNER Danuta Maria,@danutahuebner,EPP,Poland
HUDGHTON Ian,@hudghtonmepSNP,Greens,UK
HUITEMA Jan,@jhuitema,ALDE,Netherlands
HYUSMENOVA Filiz,,ALDE,Bulgaria
IN 'T VELD Sophia,@SophieintVeld,ALDE,Netherlands
IOTOVA Iliana,@IlianaIotovaMEP,S&D,Bulgaria
ITURGAIZ Carlos,@carlositurgaiz,EPP,Spain
IVAN Cătălin Sorin,@Catalin_Ivan,S&D,Romania
IWASZKIEWICZ Robert Jarosław,,EFDD,Poland
JAAKONSAARI Liisa,@Jaakonsaari,S&D,Finland
JÄÄTTEENMÄKI Anneli,@jaatteenmaki,ALDE,Finland
JADOT Yannick,@yjadot,Greens,France
JAHR Peter,@peter_jahr,EPP,Germany
JAKOVČIĆ Ivan,@IvanJakovcic,ALDE,Croatia
JALKH Jean François,@JFJalkh,ENF,France
JAMES Diane,@DianeJamesMEP,EFDD,UK
JÁUREGUI ATONDO Ramón,@RJaureguiA,S&D,Spain
JÁVOR Benedek,@javorbenedek,Greens,Hungary
JAZŁOWIECKA Danuta,@DJazlowiecka,EPP,Netherlands
JEŽEK Petr,@JezekCZ,ALDE,Poland
JIMÉNEZ-BECERRIL BARRIO Teresa,@TeresaJBecerril,EPP,Czech Republic
JOLY Eva,@EvaJoly,Greens,Spain
JONG Dennis Cornelius de,@DdJong,GUE/NGL,France
JONGERIUS Agnes,@a_jongerius,S&D,Netherlands
JOULAUD Marc,@MarcJoulaud,EPP,Netherlands
JUARISTI ABAUNZ Josu,@Josu_Juaristi,GUE/NGL,France
JUREK Marek,@marekjurek,ECR,Poland
JUVIN Philippe,@philippejuvin,EPP,France
KADENBACH Karin,@karinkadenbach,S&D,Austria
KAILI Eva,@EvaKaili,S&D,Greece
KALINOWSKI Jarosław,,EPP,Po
KALLAS Kaja,@kajakallas,ALDE,Estonia
KALNIETE Sandra,@Kalniete,EPP,Latvia
KAMALL Syed,@SyedKamall,ECR,UK
KAMMEREVERT Petra,,S&D,Germany
KAPPEL Barbara,,ENF,Austria
KARAS Othmar,@othmar_karas,EPP,Austria
KARI Rina Ronja,@rinakari,GUE/NGL,Denmark
KARIM Sajjad,@SHKMEP,ECR,UK
KARIŅŠ Krišjānis,@krisjaniskarins,EPP,Latvia
KARLSSON Rikke,,ECR,Denmark
KARSKI Karol Adam,@profKarski,ECR,Poland
KAUFMANN Sylvia Yvonne,@KaufmannSylvia,S&D,Germany
KEFALOGIANNIS Manolis,@M_Kefalogiannis,EPP,Greece
KELAM Tunne,,EPP,Estonia
KELLER Jan,@KellerHonza,S&D,Czech Republic
KELLER Ska,@SkaKeller,Greens,Germany
KELLY Seán,@SeanKellyMEP,EPP,Ireland
KHAN Afzal,@akhanmep,S&D,UK
KIRKHOPE Timothy,@TimKirkhopeMEP,ECR,UK
KIRTON DARLING Jude,@Jude_KD,S&D,UK
KLOSOWSKI Slawomir,,ECR,Poland
KOCH Dieter Lebrecht,,EPP,Germany
KOFOD Jeppe,@JeppeKofod,S&D,Denmark
KOHLICEK Jaromir,@KohlicekJaromir,GUE/NGL,Czech Republic
KÖLMEL Bernd,@Bernd_Koelmel,ECR,Germany
KONEČNÁ Kateřina,@Konecna_K,GUE/NGL,Czech Republic
KORWIN MIKKE Janusz Ryszard,@korwinmikke,NI (Kongres Nowej Prawicy),Poland
KÓSA Ádám,@adamkosamep,EPP,Hungary
KÖSTER Dietmar,,S&D,Germany
KÖSTINGER Elisabeth,@ElliKoestinger,EPP,Austria
KOULOGLOU Stelios,@SteliosKoul,GUE/NGL,Greece
KOVÁCS Béla,,NI (Jobbik Magyarorszagert Mozgalom),Hungary
KOVATCHEV Andrey,@andreykovatchev,EPP,Bulgaria
KOZŁOWSKA RAJEWICZ Agnieszka,@AKRajewicz,EPP,Poland
KRASNODĘBSKI Zdzisław,@ZdzKrasnodebski,ECR,Poland
KREHL Constanze,@ConstanzeKrehl,S&D,Germany
KRUPA Urszula,,ECR,Poland
KUDRYCKA Barbara,@BarbaraKudrycka,EPP,Poland
KUHN Werner,@WernerKuhnMdEP,EPP,Germany
KUKAN Eduard,@EduardKukan,EPP,Slovakia
KUMPULA NATRI Miapetra,@miapetrakumpula,S&D,Finland
KUNEVA Kostadinka,@kkuneva,GUE/NGL,Greece
KUŹMIUK Zbigniew Krzysztof,@ZbigniewKuzmiuk,ECR,Poland
KYENGE Kashetu,@ckyenge,S&D,Italy
KYLLÖNEN Merja,@KyllonenMerja,GUE/NGL,Finland
KYRKOS Miltiadis,,S&D,Greece
KYRTSOS Georgios,@GiorgosKyrtsos,EPP,Greece
KYUCHYUK Ilhan,@ilhankyuchyuk,ALDE,Bulgaria
LA VIA Giovanni,@giovannilavia,EPP,Italy
LAMASSOURE Alain,@ALamassoure,EPP,France
LAMBERT Jean,@GreenJeanMEP,Greens,UK
LAMBERTS Philippe,@ph_lamberts,Greens,Belgium
LAMBSDORFF Alexander Graf,@Lambsdorff,ALDE,Germany
LANGE Bernd,@berndlange,S&D,Germany
LANGE Esther de,@Esther_de_Lange,EPP,Netherlands
LANGEN Werner,@langen_werner,EPP,Germany
LAURISTIN Marju,@LauristinMarju,S&D,Estonia
LAVRILLEUX Jérôme,@jlavrilleux,EPP,France
LE GRIP Constance,@clegrip,EPP,France
LE HYARIC Patrick,@PatrickLeHyaric,GUE/NGL,France
LE PEN Jean Marie,@lepenjm,NI (Front National),France
LE PEN Marine,@MLP_officiel,ENF,France
LEBRETON Gilles,@Gilles_Lebreton,ENF,France
LEGUTKO Ryszard Antoni,,ECR,Poland
LEINEN Jo,@jo_leinen,S&D,Germany
LENAERS Jeroen,@jeroen_lenaers,EPP,Netherlands
LEWANDOWSKI Janusz,@J_Lewandowski,EPP,Poland
LEWER Andrew,@ALewerMEP,ECR,UK
LIBERADZKI Bogusław,@BLiberadzki,S&D,Poland
LIESE Peter,@peterliese,EPP,Germany
LIETZ Arne,@ArneLietz,S&D,Germany
LINS Norbert,,EPP,Germany
LOCHBIHLER Barbara,@blochbihler,Greens,Germany
LOISEAU Philippe,@ph_loiseau,ENF,France
LOKKEGAARD Morten,@Loekkegaard_MEP,ALDE,Denmark
LOONES Sander,@SanderLoones,ECR,Belgium
LOPE FONTAGNÉ Verónica,,EPP,Spain
LÓPEZ AGUILAR Juan Fernando,@JFLopezAguilar,S&D,Spain
LÓPEZ BERMEJO Paloma,@palomalopezB,GUE/NGL,Spain
LÓPEZ Javier,@fjavilopez,S&D,Spain
LÓPEZ-ISTÚRIZ WHITE Antonio,@TonoEPP,EPP,Spain
LOSING Sabine,,GUE/NGL,Germany
LUCKE Bernd,@BerndLucke,ECR,Germany
LUDVIGSSON Olle,@olleludvigsson,S&D,Sweden
ŁUKACIJEWSKA Elżbieta Katarzyna,,EPP,Poland
LUNACEK Ulrike,@UlrikeLunacek,Greens,Austria
LUNDGREN Peter,,EFDD,Sweden
LYBACKA Krystyna Maria,@KrystynaLybacka,S&D,Poland
MACH Petr,@PetrMachMEP,EFDD,Czech Republic
MACOVEI Monica Luisa,@MonicaMacovei1,ECR,Romania
MAEIJER Vicky,@VickyMaeijer,ENF,Netherlands
MALETIĆ Ivana,@MaleticIvana,EPP,Croatia
MALINOV Svetoslav Hristov,@SvMalinov,EPP,Bulgaria
MALTESE Curzio,@curziomaltesetw,GUE/NGL,Italy
MAMIKINS Andrejs,@AndrejsMamikins,S&D,Latvia
MĂNESCU Ramona Nicole,,EPP,Romania
MAŇKA Vladimír,,S&D,Slovakia
MANN Thomas,,EPP,Germany
MANSCOUR Louis Joseph,@LJManscour,S&D,France,PRIVATE
MARAGALL Ernest,@ernestmaragall,Greens,Spain
MARIAS Notis,@Notis_Marias,ECR,Greece
MARINESCU Marian Jean,@MarianMarinescu,EPP,Romania
MARINHO E PINTO António,@marinhoepinto,ALDE,Portugal
MARTIN David,@davidmartinmep,S&D,UK
MARTIN Dominique,@DMartinFN,ENF,France
MARTIN Edouard,@edouardmartinEU,S&D,France
MARTUSCIELLO Fulvio,@fulviomartuscie,EPP,Italy
MARUSIK Michał,,ENF,Poland
MAŠTÁLKA Jiří,,GUE/NGL,Czech Republic
MATERA Barbara,@materabarbara,EPP,Italy
MATIAS Marisa,@mmatias_,GUE/NGL,Portugal
MATO Gabriel,@GabrielMatoA,EPP,Spain
MAULLU Stefano,@stefanomaullu,EPP,Italy
MAUREL Emmanuel,@emmanuelmaurel,S&D,France
MAVRIDES Costas,,S&D,Cyprus
MAYER Georg,@georgmayermep,ENF,Austria
MAZURONIS Valentinas,@ValentinasMazu1,ALDE,Lithuania
McALLISTER David,@davidmcallister,EPP,Germany
McAVAN Linda,@LindaMcAvanMEP,S&D,UK
McCLARKIN Emma,@EmmaMcClarkin,ECR,UK
McGUINNESS Mairead,@MaireadMcGMEP,EPP,Ireland
McINTYRE Anthea,@anthea_mcintyre,ECR,UK
MEISSNER Gesine,@gesine_meissner,ALDE,Germany
MÉLENCHON Jean Luc,@JLMelenchon,GUE/NGL,France
MÉLIN Joëlle,@JoelleMelinFN,ENF,France
MELIOR Susanne,,S&D,Germany
MELO Nuno,@NunoMeloCDS,EPP,Portugal
MESSERSCHMIDT Morten,@MrMesserschmidt,ECR,Denmark
MESZERICS Tamás,@MeszericsT,Greens,Hungary
METSOLA Roberta,@RobertaMetsola,EPP,Malta
MICHEL Louis,@LouisMichel,ALDE,Belgium
MICHELS Martina,@martina_michels,GUE/NGL,Germany
MIHAYLOVA Iskra,,ALDE,Bulgaria
MIKOLÁŠIK Miroslav,@miromikolasik,EPP,Slovakia
MILLÁN MON Francisco José,,EPP,Spain
MILTENBURG Matthijs van,@MatthijsvMilt,ALDE,Netherlands
MINEUR Anne Marie,@AnneMarieMineur,GUE/NGL,Netherlands
MIZZI Marlene,@MarleneMizzi,S&D,Malta
MLINAR Angelika,@AngelikaMlinar,ALDE,Austria
MOI Giulia,@GiuliaMoi_M5S,EFDD,Italy
MOISĂ Sorin,@sorinmoisa,S&D,Romania
MOLNÁR Csaba,,S&D,Hungary
MONOT Bernard,@bernard_monot,ENF,France
MONTEIRO DE AGUIAR Cláudia,@cmonteiroaguiar,EPP,Portugal
MONTEL Sophie,@Sophie_Montel,ENF,France
MOODY Clare,@ClareMoodyMEP,S&D,UK
MORAES Claude,@ClaudeMoraesMEP,S&D,UK
MORANO Nadine,@nadine__morano,EPP,France
MORGANO Luigi,@luigi_morgano,S&D,Italy
MORIN CHARTIER Elisabeth,@emorinchartier,EPP,France
MORVAI Krisztina,,NI (Jobbik Magyarorszagert Mozgalom),Hungary
MOSCA Alessia Maria,@alessiamosca,S&D,Italy
MÜLLER Ulrike,@UliMuellerMdEP,ALDE,Germany
MUREȘAN Siegfried,@SMuresan,EPP,Romania
MUSELIER Renaud,@RenaudMuselier,EPP,France
MUSSOLINI Alessandra,@Ale_Mussolini_,EPP,Italy
NAGY József,@NagyJozsefEU,EPP,Slovakia
NART Javier,,ALDE,Spain
NEGRESCU Victor,@negrescuvictor,S&D,Romania
NEKOV Momchil,@momchilnekov,S&D,Bulgaria
NEUSER Norbert,,S&D,Germany
NÍ RIADA Liadh,@LiadhNiRiadaMEP,GUE/NGL,Ireland
NICA Dan,,S&D,Romania
NICHOLSON James,@JNicholsonMEP,ECR,UK
NICOLAI Norica,@Norica_Nicolai,ALDE,Romania
NIEBLER Angelika,@ANiebler,EPP,Germany
NIEDERMAYER Luděk,@LudekNie,EPP,Czech Republic
NIEDERMÜLLER Péter,@NiedermullerMEP,S&D,Hungary
NIEUWENHUIZEN Cora van,@CvNieuwenhuizen,ALDE,Netherlands
NILSSON Jens,@jensni,S&D,Sweden
NISTERLROOIJ Lambert van,@LvNistelrooij,EPP,Netherlands
NOICHL Maria,,S&D,Germany
NOVAKOV Andrey,@AndreyNovakov,EPP,Bulgaria
NUTTALL Paul,@paulnuttallukip,EFDD,UK
O'FLYNN Patrick,@oflynnmep,EFDD,UK
OBERMAYR Franz,@franzobermayr,ENF,Austria
OLBRYCHT Jan Marian,@JanOlbrycht,EPP,Poland
OMARJEE Younous,@younousomarjee,GUE/NGL,France
OŻÓG Stanisław,@biuroposelskie,ECR,Poland
PABRIKS Artis,@Pabriks,EPP,Latvia
PAET Urmas,@Urmaspaet,ALDE,Estonia
PAGAZAURTUNDÚA RUIZ Maite,@maitepagaza,ALDE,Spain
PAKSAS Rolandas,@RolandasPaksas,EFDD,Lithuania
PANZERI Pier Antonio,@AntonioPanzeri,S&D,Italy
PAOLUCCI Massimo,@MassimoPaolucc6,S&D,Italy
PAPADAKIS Demetris,@DemPapadakis,S&D,Cyprus
PAPADAKIS Konstantinos,,NI (Communist Party of Greece),Greece
PAPADIMOULIS Dimitrios,@papadimoulis,GUE/NGL,Greece
PARGNEAUX Gilles,@gillespargneaux,S&D,France
PARKER Margot,@MargotLJParker,EFDD,UK
PAȘCU Ioan Mircea,@ioanmirceapascu,S&D,Romania
PATRICIELLO Aldo,@PatricielloAldo,EPP,Italy
PAUNOVA Eva,@evapaunova,EPP,Bulgaria
PAVEL Emilian,@PavelEmilian,S&D,Romania
PEDICINI Piernicola,@PediciniM5S,EFDD,Italy
PEILLON Vincent,@Vincent_Peillon,S&D,France
PETERLE Alojz,@lojzepeterle,EPP,Slovenia
PETERSEN Morten Helveg,@mortenhelveg,ALDE,Denmark
PETIR Marijana,@marijana_petir,EPP,Croatia
PHILIPPOT Florian,@f_philippot,ENF,France
PICIERNO Giuseppina,@pinapic,S&D,Italy
PICULA Tonino,@TPicula,S&D,Croatia
PIECHA Bolesław Grzegorz,,ECR,Poland
PIEPER Markus,@markuspieperMEP,EPP,Germany
PIETIKÄINEN Sirpa,@spietikainen,EPP,Finland
PIMENTA LOPES Joan,,GUE/NGL,Portugal
PIOTROWSKI Mirosław,,ECR,Poland
PIRI Kati,@KatiPiri,S&D,Netherlands
PIRINSKI Georgi,,S&D,Bulgaria
PITERA Julia,,EPP,Poland
PITTELLA Gianni,@giannipittella,S&D,Italy
PLENKOVIĆ Andrej,@AndrejPlenkovic,EPP,Croatia
PLURA Marek Mirosław,@marek_plura,EPP,Poland
POC Pavel,@pavelpoc,S&D,Czech Republic
POCHE Miroslav,@PocheMEP,S&D,Czech Republic
POGLIESE Salvatore Domenico,@SalvoPogliese,EPP,Italy
POLČÁK Stanislav,@stanislavpolcak,EPP,Czech Republic
PONGA Maurice,@mauriceponga,EPP,France
PORĘBA Tomasz Piotr,@TomaszPoreba,ECR,Poland
POSPÍŠIL Jiří,@Pospisil_Jiri,EPP,Czech Republic
POST Soraya,@SorayaPostFi,S&D,Sweden
PREDA Cristian Dan,@CDPreda,EPP,Germany
PRETZELL Marcus,@MarcusPretzell,ENF,Germany
PREUSS Gabriele,@GabrielePreuss,S&D,Germany
PROUST Franck,@franckproust,EPP,France
PUNSET Carolina,@CarolinaPunset,ALDE,Spain
QUISTHOUDT ROWOHL Godelieve,@GQuisthoudt,EPP,Germany
RADEV Emil,@Emil_Radev,EPP,Bulgaria
RADOŠ Jozo,@jozorados,ALDE,Croatia
RANGEL Paulo,@libertarofuturo,EPP,Portugal
REBEGA Constantin Laurențiu,,ENF,Romania
REDA Julia,@Senficon,Greens,Germany
REDING Viviane,@VivianeRedingEU,EPP,Luxembourg
REGNER Evelyn,@Evelyn_Regner,S&D,Austria
REID Julia,@julia_reid,EFDD,UK
REIMON Michel,@michelreimon,Greens,Austria
REINTKE Terry,@TerryReintke,Greens,Germany
REUL Herbert,@hreul,EPP,Germany
REVAULT D'ALLONNES BONNEFOY Christine,@cdallonnes,S&D,France
RIBEIRO Sofia,@SofiaHRibeiro,EPP,Portugal
RIES Frédérique,@Frederiqueries,ALDE,Belgium
RIQUET Dominique,@DominiqueRiquet,ALDE,France
RIVASI Michèle,@MicheleRivasi,Greens,France
ROCHEFORT Robert,@robertrochefort,ALDE,France
RODRIGUES Liliana,@LilianaMEP,S&D,Portugal
RODRIGUES Maria João,@MJRodriguesEU,S&D,Spain
RODRÍGUEZ-PIÑERO FERNÁNDEZ Inmaculada,@RodriguezPinero,S&D,Spain
RODUST Ulrike,@UlrikeRodust,S&D,Germany
ROHDE Jens,@rohde_jens,ALDE,Denmark
ROLIN Claude,@clauderolin,EPP,Belgium
ROPĖ Bronis,@BronisRopeLT,Greens,Lithuania
ROSATI Dariusz,@DariuszRosati,EPP,Poland
ROZIÈRE Virginie,@VRoziere,S&D,France
RUAS Fernando,,EPP,Portugal
RUBIG Paul,@PaulRuebig,EPP,Austria
RUOHONEN-LERNER Pirkko,,ECR,Finland
SAÏFI Tokia,@TokiaSaifi,EPP,France
SAKORAFA Sofia,@SofiaSakorafa,GUE/NGL,Greece
SALINI Massimiliano,@MaxSalini,EPP,Italy
SALVINI Matteo,@matteosalvinimi,ENF,Italy
SÁNCHEZ CALDENTEY Lola,@LolaPodemos,GUE/NGL,Spain
SANDER Anne,@ASanderMEP,EPP,France
SANT Alfred,@SantAlfred,S&D,Malta
SANTOS dos Manuel,,S&D,Portugal
SÂRBU Daciana Octavia,@DacianaSarbu,S&D,Romania
SARGENTINI Judith,@judithineuropa,Greens,Netherlands
SARVAMAA Petri,@petrisarvamaa,EPP,Finland
SARYUSZ WOLSKI Jacek,@JSaryuszWolski,EPP,Poland
SASSOLI David Maria,@DavidSassoli,S&D,Italy
SAUDARGAS Algirdas,@SaudargasA,EPP,Lithuania
SCHAAKE Marietje,@MarietjeSchaake,ALDE,Netherlands
SCHAFFHAUSER Jean Luc,@JLSchaffhauser,ENF,France
SCHALDEMOSE Christel,@SchaldemoseMEP,S&D,Denmark
SCHLEIN Elena Ethel,@ellyesse,S&D,Italy
SCHMIDT Claudia,@Schmidt_Clau,EPP,Austria
SCHOLZ Helmut,@HelmutScholzMEP,GUE/NGL,Germany
SCHÖPFLIN György,@schopflinMEP,EPP,Hungary
SCHREIJER PIERIK Annie,@AnnieSchreijer,EPP,Netherlands
SCHULZ Martin,@MartinSchulz,S&D,Germany
SCHULZE Sven,@schulzeeuropa,EPP,Germany
SCHUSTER Joachim,,S&D,Germany
SCHWAB Andreas,@Andreas_Schwab,EPP,Germany
SCOTT CATO Molly,@MollyScottCato,Greens,UK
SEBASTIÀ Jordi,@Sebastia_Jordi,Greens,Spain
SEHNALOVÁ Olga,@OlgaSehnalova,S&D,Czech Republic
SELIMOVIC Jasenko,@jasenkos,ALDE,Sweden
SENRA RODRiGUEZ Lidia Maria,@LidiaSenra,GUE/NGL,Spain
SERNAGIOTTO Remo,@SernagiottoRemo,ECR,Italy
SERRÃO SANTOS Ricardo,,S&D,Portugal
SEYMOUR Jill,@JSeymourUKIP,EFDD,UK
SIEKIERSKI Czesław Adam,@CzSiekierski,EPP,Poland
SILVA PEREIRA Pedro,,S&D,Portugal
SIMON Peter,@PeterSimonMEP,S&D,Germany
SIMON Sion,@sionsimon,S&D,UK
SIPPEL Birgit,@BirgitSippelMEP,S&D,Germany
SKRIPEK Branislav,@BranoSkripek,ECR,Poland
SKRLEC Davor,@DavorSkrlec,Greens,Croatia
SMITH Alyn,@AlynSmithMEP,Greens,UK
SMOLKOVÁ Monika,@SmolkovaMonika,S&D,Slovakia
SÓGOR Csaba,,EPP,Romania
ŠOJDROVÁ Michaela,@msojdrova,EPP,Czech Republic
SOLTES Igor,@isoltesEP,Greens,Slovenia
SOMMER Renate,,EPP,Germany
SONNEBORN Martin,@MartinSonneborn,NI (Die Partei),Germany
SORU Renato,@renatosoru,NI (Partito Democratico),Italy
SPINELLI Barbara,,GUE/NGL,Italy
SPYRAKI Maria,@MariaSpyraki,EPP,Greece
STAES Bart,@BartStaes,Greens,Belgium
STANISHEV Sergei,@SergeiStanishev,S&D,Bulgaria
STARBATTY Joachim,@JStarbatty,ECR,Germany
STEFANEC Ivan,@IvanStefanec,EPP,Slovakia
STEINRUCK Jutta,@JuttaSteinruck,S&D,Germany
ŠTĚTINA Jaromír,@StetinaEP,EPP,Czech Republic
STEVENS Helga,@StevensHelga,ECR,Belgium
STIER Davor Ivo,@davorstier,EPP,Croatia
STIHLER Catherine,@C_Stihler_MEP,S&D,UK
STOLOJAN Theodor Dumitru,@TheodorStolojan,EPP,Romania
STORCH Beatrix von,@Beatrix_vStorch,EFDD,Germany
STUGER Olaf,@OlafStuger,ENF,Netherlands
SUICA Dubravka,@dubravkasuica,EPP,Croatia
SULÍK Richard,@SulikRichard,ECR,Slovakia
SULIN Patricija,@PatricijaSulin,EPP,Slovenia
SVOBODA Pavel,@1PavelSvoboda,EPP,Czech Republic
SWINBURNE Kay,@KaySwinburneMEP,ECR,UK
SYLIKIOTIS Neoklis,@sylikiotis,GUE/NGL,Cyprus
SYNADINOS Eleytherios,@Synadinos_Eleft,NI (Popular Association -Golden Dawn),Greece
SZÁJER József,,EPP,Hungary
SZANYI Tibor,@szanyitibor,S&D,Hungary
SZEJNFELD Adam,@szejnfeld,EPP,Poland
TAJANI Antonio,@Antonio_Tajani,EPP,Italy
TAKKULA Hannu,@HTakkula,ALDE,Finland
TAMBURRANO Dario,@tamburrano,EFDD,Italy
TĂNĂSESCU Claudiu Ciprian,,S&D,Romania
TANG Paul,@paultang,S&D,Netherlands
TANNOCK Charles,@CharlesTannock,ECR,UK
TAPARDEL Ana Claudia,@ClaudiaTapardel,S&D,Romania
TARABELLA Marc,@marctarabella,S&D,Belgium
TARAND Indrek,@indrektarand,Greens,Estonia
TAYLOR Keith,@GreenKeithMEP,Greens,UK
TELIČKA Pavel,@Telicka,ALDE,Czech Republic
TERRICABRAS Joseph Maria,@jmterricabras,Greens,Spain
THEOCHAROUS Eleni,@THEOCHAROUSE,ECR,Cyprus
THEURER Michael,@EUTheurer,ALDE,Germany
THOMAS Isabelle,@Isabel_thomasEU,S&D,France
THUN UND HOHENSTEIN Róża Gräfin von,@rozathun,EPP,Poland
TOIA Patrizia,@toiapatrizia,S&D,Italy
TOKES Lszlo,,EPP,Hungary
TOMAŠEVSKI Valdemar,,ECR,Lithuania
TOMAŠIĆ Ruža,@RuzaTomasic,ECR,Croatia
TOMC Romana,@RomanaTomc,EPP,Slovenia
TOOM Yana,@YanaToom,ALDE,Estonia
TORRES MARTINEZ Estefania,@etorrespodemos,GUE/NGL,Spain
TORVALDS Nils,@NilsTorvalds,ALDE,Finland
TOŠENOVSKÝ Evžen,@EvzenTosenovsky,ECR,Czech Republic
TREBESIUS Ulrike,@TrebesiusMdEP,ECR,Germany
TREMOSA i BALCELLS Ramon,@ramontremosa,ALDE,Spain
TROSZCZYNSKI Mylène,@Troszczynski_FN,ENF,France
TRÜPEL Helga,@HelgaTruepel,Greens,Germany
TURCANU Mihai,@turcanu2014,EPP,Romania
TURMES Claude,@Claude_Turmes,Greens,Luxembourg
UJAZDOWSKI Kazimierz Michał,@kmujazdowski,ECR,Poland
UJHELYI István,@istvan_ujhelyi,S&D,Hungary
ULVSKOG Marita,@maritaulvskog,S&D,Sweden
UNGUREANU Traian,@TraianUngureanu,EPP,Romania
URBAN CRESPO Miguel,@MiguelUrban,GUE/NGL,Spain
URTASUN Ernest,@ernesturtasun,Greens,Spain
URUTCHEV Vladimir,@urutchev,EPP,Bulgaria
USPASKICH Viktor,@ViktorUspaskich,ALDE,Lithuania
VAIDERE Inese,@IneseVaidere,EPP,Latvia
VAJGL Ivo,@ivajgl,ALDE,Slovenia
VALCÁRCEL SISO Ramón Luis,,EPP,Spain
VĂLEAN Adina Ioana,@AdinaValean,EPP,Romania
VALENCIANO Elena,@ElenaValenciano,S&D,Spain
VALERO Bodil,@bodilvalero,Greens,Sweden
VALLI Marco,@MarcoValliM5S,EFDD,Italy
VALLINA Ángela,@AngelaVallina,GUE/NGL,Spain
VAN BOSSUYT Annaleen,@anneleen_vb,ECR,Belgium
VAN BREMPT Kathleen,@kvanbrempt,S&D,Belgium
VAN ORDEN Geoffrey,,ECR,UK
VANA Monika,@MonikaVana,Greens,Austria
VANDENKENDELAERE Tom,@tomvdkendelaere,EPP,Belgium
VAUGHAN Derek,@derekvaughan,S&D,UK
VAUTMANS Hilde,@hildevautmans,ALDE,Belgium
VÄYRYNEN Paavo,@kokokansanpaavo,ALDE,Finland
VERGIAT Marie Christine,@MCVergiat,GUE/NGL,France
VERHEYEN Sabine,@sabineverheyen,EPP,Germany
VERHOFSTADT Guy,@GuyVerhofstadt,ALDE,Belgium
VIEGAS Miguel,,GUE/NGL,Portugal
VILIMSKY Harald,@vilimsky,ENF,Austria
VIOTTI Daniele,@danieleviotti,S&D,Italy
VIRKKUNEN Henna,@HennaVirkkunen,EPP,Finland
VISTISEN Anders Primdahl,@AndersVistisen,ECR,Denmark
VOIGT Udo,@udovoigt,NI (Nationaldemokratische Partei Deutschlands),Germany
VOSS Axel,@AxelVossMdEP,EPP,Germany
VOZEMBERG Elissavet,@vozemberg,EPP,Greece
WAŁĘSA Jarosław,@WalesaMEP,EPP,Poland
WARD Julie,@julie4nw,S&D,UK
WEBER Manfred,@ManfredWeber,EPP,Germany
WEBER Renate,@renateweber,ALDE,Romania
WEIDENHOLZER Josef,@Weidenholzer,S&D,Austria
WEIZSÄCKER Jakob von,,S&D,Germany
WENTA Bogdan Brunon,,EPP,Poland
WERNER Martina,@MartinaWernerEU,S&D,Germany
WESTPHAL Kerstin,@WestphalKerstin,S&D,Germany
WIELAND Rainer,,EPP,Germany
WIERINCK Lieve,@LieveWierinck,ALDE,Belgium
WIKSTRÖM Cecilia,@CeciliaWikstrom,ALDE,Sweden
WILLMOTT Glenis,@GlenisWillmott,S&D,UK
WINBERG Kristina,@KristinaWinberg,EFDD,Sweden
WINKLER Hermann,,EPP,Germany
WINKLER Iuliu,@IuliuWinkler,EPP,Romania
WIŚNIEWSKA Jadwiga,@j_wisniewska,ECR,Poland
WOOLFE Steven,@Steven_Woolfe,EFDD,UK
ZÁBORSKÁ Anna,@AnnaZaborska,EPP,Slovakia
ZAGORAKIS Theodoros,,EPP,Greece
ZAHRADIL Jan,@ZahradilJan,ECR,Czech Republic
ZALA Boris,@zalaboris,S&D,Slovakia
ZALBA BIDEGAIN Pablo,@PabloZalba,EPP,Spain
ZANNI Marco,@Marcozanni86,EFDD,Italy
ZANONATO Flavio,@flaviozanonato,S&D,Italy
ZARIANOPOULOS Sotirios,,NI (Communist Party of Greece),Greece
ZDANOKA Tatjana,@Tatjana_Zdanoka,Greens,Latvia
ZDECHOVSKÝ Tomáš,@TomZdechovsky,EPP,Czech Republic
ZDROJEWSKI Bogdan Andrzej,@BZdrojewski,EPP,Poland
ZELLER Joachim,@joachimzeller,EPP,Germany
ZEMKE Janusz,@JanuszZemke,S&D,Poland
ZIJLSTRA Auka,,ENF,Netherlands
ZĪLE Roberts,@robertszile,ECR,Latvia
ZIMMER Gabriele,@GabiZimmerMEP,GUE/NGL,Germany
ŽITŇANSKÁ Jana,,ECR,Slovakia
ZŁOTOWSKI Kosma Tadeusz,,ECR,Poland
ZOFFOLI Damiano,@DamianoZoffoli,S&D,Italy
ŻÓŁTEK Stanisław,,ENF,Poland
ZORRINHO Carlos,@czorrinho,S&D,Portugal
ZULLO Marco,@MarcoZullo,EFDD,Italy
ZVER Milan,@MilanZver,EPP,Slovenia
ZWIEFKA Tadeusz,@TadeuszZwiefka,EPP,Poland